SOC_Codes_2018,Occupation,Female,Male,Total,ma,fe
MGR-General And Operations Managers,manager,0.276604428,0.723395572,9801,7090,2711
MGR-Chief Executives And Legislators,sheriff,0.180932053,0.819067947,14055,11512,2543
MGR-Advertising And Promotions Managers,manager,0.391836735,0.608163265,245,149,96
MGR-Marketing Managers,manager,0.493829165,0.506170835,6158,3117,3041
MGR-Sales Managers,salesperson,0.24383917,0.75616083,6168,4664,1504
MGR-Public Relations And Fundraising Managers,manager,0.536526946,0.463473054,835,387,448
MGR-Administrative Services Managers,manager,0.427096774,0.572903226,775,444,331
MGR-Facilities Managers,manager,0.050212766,0.949787234,1175,1116,59
MGR-Computer And Information Systems Managers,manager,0.177918328,0.822081672,7273,5979,1294
MGR-Financial Managers,comptroller,0.478834041,0.521165959,13654,7116,6538
MGR-Industrial Production Managers,manager,0.240959895,0.759040105,3042,2309,733
MGR-Purchasing Managers,manager,0.4,0.6,2885,1731,1154
"MGR-Transportation, Storage, And Distribution Managers",manager,0.225411405,0.774588595,2613,2024,589
MGR-Compensation And Benefits Managers,manager,0.874476987,0.125523013,239,30,209
MGR-Human Resources Managers,manager,0.534540257,0.465459743,4198,1954,2244
MGR-Training And Development Managers,manager,0.445033113,0.554966887,755,419,336
"MGR-Farmers, Ranchers, And Other Agricultural Managers",farmer,0.169475111,0.830524889,5163,4288,875
MGR-Construction Managers,manager,0.037708484,0.962291516,8274,7962,312
MGR-Education And Childcare Administrators,administrator,0.550529155,0.449470845,9638,4332,5306
MGR-Architectural And Engineering Managers,architect,0.052809749,0.947190251,1477,1399,78
MGR-Food Service Managers,manager,0.550167705,0.449832295,10435,4694,5741
MGR-Entertainment And Recreation Managers,manager,0.57837181,0.42162819,823,347,476
MGR-Lodging Managers,manager,0.446834919,0.553165081,2417,1337,1080
MGR-Medical And Health Services Managers,manager,0.604449028,0.395550972,6788,2685,4103
MGR-Natural Sciences Managers,manager,0.070175439,0.929824561,285,265,20
"MGR-Property, Real Estate, And Community Association Managers",manager,0.424293785,0.575706215,7080,4076,3004
MGR-Social And Community Service Managers,manager,0.552783693,0.447216307,3287,1470,1817
MGR-Emergency Management Directors,director,0.296296296,0.703703704,81,57,24
"BUS-Agents And Business Managers Of Artists, Performers, And Athletes",manager,0.58778626,0.41221374,393,162,231
"BUS-Buyers And Purchasing Agents, Farm Products",buyer,0.677083333,0.322916667,96,31,65
"BUS-Wholesale And Retail Buyers, Except Farm Products",buyer,0.556626506,0.443373494,2075,920,1155
"BUS-Purchasing Agents, Except Wholesale, Retail, And Farm Products",purchaser,0.430564363,0.569435637,3154,1796,1358
"BUS-Claims Adjusters, Appraisers, Examiners, And Investigators",appraiser,0.426221805,0.573778195,2128,1221,907
BUS-Compliance Officers,officer,0.465753425,0.534246575,2774,1482,1292
BUS-Cost Estimators,estimator,0.122137405,0.877862595,2620,2300,320
BUS-Human Resources Workers,recruiter,0.646079284,0.353920716,8047,2848,5199
BUS-Logisticians,manager,0.350471698,0.649528302,2120,1377,743
BUS-Project Management Specialists,consultant,0.345298212,0.654701788,7327,4797,2530
BUS-Management Analysts,consultant,0.328221299,0.671778701,6977,4687,2290
"BUS-Meeting, Convention, And Event Planners",planner,0.633831872,0.366168128,1939,710,1229
BUS-Fundraisers,fundraiser,0.650137741,0.349862259,726,254,472
BUS-Market Research Analysts And Marketing Specialists,researcher,0.437565308,0.562434692,3828,2153,1675
FIN-Accountants And Auditors,accountant,0.502181266,0.497818734,20401,10156,10245
FIN-Property Appraisers And Assessors,appraiser,0.279285242,0.720714758,1511,1089,422
FIN-Budget Analysts,officer,0.51965812,0.48034188,585,281,304
FIN-Credit Analysts,analytics,0.73943662,0.26056338,284,74,210
FIN-Financial And Investment Analysts,officer,0.270642202,0.729357798,2180,1590,590
FIN-Personal Financial Advisors,officer,0.180528846,0.819471154,4160,3409,751
FIN-Insurance Underwriters,underwriter,0.545685279,0.454314721,788,358,430
FIN-Credit Counselors And Loan Officers,lender,0.48342088,0.51657912,6092,3147,2945
CMM-Information Security Analysts,scientist,0.051258155,0.948741845,1073,1018,55
CMM-Computer And Information Research Scientists,scientist,0.279742765,0.720257235,311,224,87
CMM-Computer Network Architects,engineer,0.04805726,0.95194274,978,931,47
CMM-Network And Computer Systems Administrators,engineer,0.117921147,0.882078853,2790,2461,329
CMM-Database Administrators And Architects,engineer,0.258562794,0.741437206,1489,1104,385
CMM-Computer Programmers,programmer,0.083284024,0.916715976,6760,6197,563
CMM-Software Developers,developer,0.124683032,0.875316968,18535,16224,2311
CMM-Software Quality Assurance Analysts And Testers,engineer,0.232111693,0.767888307,1719,1320,399
CMM-Web Developers,developer,0.253295669,0.746704331,3186,2379,807
CMM-Web And Digital Interface Designers,designer,0.395085066,0.604914934,1058,640,418
CMM-Actuaries,actuary,0.041176471,0.958823529,340,326,14
CMM-Operations Research Analysts,consultant,0.637308869,0.362691131,1635,593,1042
"ENG-Architects, Except Landscape And Naval",architect,0.129478316,0.870521684,1591,1385,206
ENG-Landscape Architects,architect,0.22614841,0.77385159,283,219,64
"ENG-Surveyors, Cartographers, And Photogrammetrists",surveyor,0.083783784,0.916216216,370,339,31
ENG-Aerospace Engineers,engineer,0.073319756,0.926680244,1473,1365,108
ENG-Chemical Engineers,engineer,0.130671506,0.869328494,551,479,72
ENG-Civil Engineers,engineer,0.085359265,0.914640735,3702,3386,316
ENG-Computer Hardware Engineers,engineer,0.045643154,0.954356846,241,230,11
ENG-Electrical And Electronics Engineers,engineer,0.037052994,0.962947006,2321,2235,86
ENG-Environmental Engineers,engineer,0.206586826,0.793413174,334,265,69
ENG-Biomedical And Agricultural Engineers,engineer,0.13836478,0.86163522,159,137,22
"ENG-Industrial Engineers, Including Health And Safety",engineer,0.126021505,0.873978495,2325,2032,293
ENG-Materials Engineers,engineer,0,1,398,398,0
ENG-Mechanical Engineers,engineer,0.055327103,0.944672897,2675,2527,148
"ENG-Petroleum, Mining And Geological Engineers, Including Mining Safety Engineers",engineer,0.054329372,0.945670628,589,557,32
ENG-Other Engineers,engineer,0.095825771,0.904174229,5510,4982,528
ENG-Architectural And Civil Drafters,draftsperson,0.187969925,0.812030075,931,756,175
ENG-Other Drafters,draftsperson,0.264990329,0.735009671,2068,1520,548
ENG-Electrical and Electronic Engineering Technologists And Technicians,technician,0.153703704,0.846296296,1080,914,166
"ENG-Other Engineering Technologists And Technicians, Except Drafters",technician,0.225099602,0.774900398,4016,3112,904
ENG-Surveying And Mapping Technicians,surveyor,0.07073955,0.92926045,622,578,44
SCI-Agricultural And Food Scientists,scientist,0.259259259,0.740740741,189,140,49
SCI-Biological Scientists,scientist,0.423036649,0.576963351,955,551,404
SCI-Conservation Scientists And Foresters,conservationist,0.209486166,0.790513834,253,200,53
SCI-Other Life Scientists,scientist,0.579194002,0.420805998,1067,449,618
SCI-Astronomers And Physicists,physicist,0.490566038,0.509433962,159,81,78
SCI-Atmospheric And Space Scientists,scientist,0.336787565,0.663212435,193,128,65
SCI-Chemists And Materials Scientists,chemist,0.273959342,0.726040658,1033,750,283
"SCI-Environmental Scientists And Specialists, Including Health",scientist,0.255652174,0.744347826,575,428,147
"SCI-Geoscientists And Hydrologists, Except Geographers",geologist,0.175342466,0.824657534,365,301,64
"SCI-Physical Scientists, All Other",scientist,0.415590626,0.584409374,2091,1222,869
SCI-Economists,economist,0.012121212,0.987878788,165,163,2
SCI-Clinical And Counseling Psychologists,psychologist,0.599033816,0.400966184,207,83,124
SCI-School Psychologists,psychologist,0.588688946,0.411311054,389,160,229
SCI-Other Psychologists,psychologist,0.573541495,0.426458505,1217,519,698
SCI-Urban And Regional Planners,planner,0.21023766,0.78976234,547,432,115
SCI-Agricultural And Food Science Technicians,technician,0.509401709,0.490598291,585,287,298
SCI-Biological Technicians,technician,0.467700258,0.532299742,387,206,181
SCI-Chemical Technicians,technician,0.426056338,0.573943662,568,326,242
"SCI-Environmental Science And Geoscience Technicians, And Nuclear Technicians",technician,0.405956113,0.594043887,638,379,259
"SCI-Other Life, Physical, And Social Science Technicians",technician,0.370150026,0.629849974,3866,2435,1431
SCI-Occupational Health And Safety Specialists And Technicians,technician,0.239130435,0.760869565,690,525,165
CMS-Substance Abuse And Behavioral Disorder Counselors,counselor,0.639871383,0.360128617,933,336,597
"CMS-Educational, Guidance, And Career Counselors And Advisors",counselor,0.669867061,0.330132939,4062,1341,2721
CMS-Marriage And Family Therapists,counselor,0.397196262,0.602803738,214,129,85
CMS-Mental Health Counselors,counselor,0.553641347,0.446358653,1277,570,707
CMS-Rehabilitation Counselors,counselor,0.588832487,0.411167513,394,162,232
"CMS-Counselors, All Other",counselor,0.604044118,0.395955882,2720,1077,1643
"CMS-Child, Family, And School Social Workers",worker,0.847672779,0.152327221,709,108,601
CMS-Healthcare Social Workers,worker,0.711928934,0.288071066,788,227,561
CMS-Mental Health And Substance Abuse Social Workers,worker,0.801302932,0.198697068,307,61,246
"CMS-Social Workers, All Other",worker,0.763697985,0.236302015,5311,1255,4056
CMS-Probation Officers And Correctional Treatment Specialists,police,0.303405573,0.696594427,646,450,196
CMS-Clergy,clergy,0.272131148,0.727868852,1220,888,332
LGL-Judicial Law Clerks,clerk,0.76142132,0.23857868,394,94,300
"LGL-Lawyers, And Judges, Magistrates, And Other Judicial Workers",judge,0.268786127,0.731213873,9688,7084,2604
LGL-Paralegals And Legal Assistants,paralegal,0.881245643,0.118754357,4303,511,3792
"LGL-Title Examiners, Abstractors, And Searchers",abstractor,0.610859729,0.389140271,1105,430,675
"LGL-Legal Support Workers, All Other",assistant,0.492600423,0.507399577,473,240,233
EDU-Postsecondary Teachers,professor,0.43285829,0.56714171,19928,11302,8626
EDU-Preschool And Kindergarten Teachers,teacher,0.985454545,0.014545455,6050,88,5962
EDU-Elementary And Middle School Teachers,teacher,0.830706622,0.169293378,40545,6864,33681
EDU-Secondary School Teachers,teacher,0.599311329,0.400688671,11907,4771,7136
EDU-Special Education Teachers,teacher,0.89566787,0.10433213,2770,289,2481
EDU-Tutors,tutor,0.708990536,0.291009464,3804,1107,2697
EDU-Other Teachers And Instructors,instructor,0.719578207,0.280421793,14225,3989,10236
"EDU-Archivists, Curators, And Museum Technicians",curator,0.58365019,0.41634981,526,219,307
EDU-Librarians And Media Collections Specialists,librarian,0.811226314,0.188773686,2797,528,2269
EDU-Library Technicians,librarian,0.63880597,0.36119403,670,242,428
EDU-Teaching Assistants,teacher,0.85786191,0.14213809,18278,2598,15680
ENT-Artists And Related Workers,artist,0.418144208,0.581855792,3384,1969,1415
ENT-Commercial And Industrial Designers,engineer,0.608552632,0.391447368,304,119,185
ENT-Fashion Designers,designer,0.842105263,0.157894737,513,81,432
ENT-Floral Designers,designer,0.877483444,0.122516556,1510,185,1325
ENT-Graphic Designers,designer,0.556880937,0.443119063,4527,2006,2521
ENT-Interior Designers,designer,0.729866836,0.270133164,1577,426,1151
ENT-Merchandise Displayer And Windows Trimmers,designer,0.577922078,0.422077922,154,65,89
ENT-Other Designers,designer,0.380264741,0.619735259,4155,2575,1580
ENT-Actors,performer,0.53886693,0.46113307,759,350,409
ENT-Producers And Directors,producer,0.299270073,0.700729927,1233,864,369
ENT-Athletes And Sports Competitors,athlete,0.245856354,0.754143646,724,546,178
ENT-Coaches And Scouts,coach,0.480366492,0.519633508,5348,2779,2569
"ENT-Umpires, Referees, And Other Sports Officials",referee,0.131039531,0.868960469,1366,1187,179
ENT-Dancers And Choreographers,dancer,0.872727273,0.127272727,110,14,96
ENT-Music Directors And Composers,songwriter,0.385786802,0.614213198,197,121,76
ENT-Musicians And Singers,musician,0.454202077,0.545797923,1059,578,481
"ENT-Entertainers And Performers, Sports And Related Workers, All Other",entertainer,0.515217391,0.484782609,460,223,237
ENT-Broadcast Announcers And Radio Disc Jockeys,announcer,0.131147541,0.868852459,427,371,56
"ENT-News Analysts, Reporters, And Journalists",newsperson,0.662729659,0.337270341,762,257,505
ENT-Public Relations Specialists,lobbyist,0.570560432,0.429439568,1481,636,845
ENT-Editors,editor,0.683636364,0.316363636,1925,609,1316
ENT-Technical Writers,writer,0.596425212,0.403574788,1063,429,634
ENT-Writers And Authors,author,0.670971529,0.329028471,3407,1121,2286
ENT-Interpreters And Translators,translator,0.722249152,0.277750848,2063,573,1490
ENT-Photographers,photographer,0.626296522,0.373703478,3278,1225,2053
"ENT-Television, Video, And Film Camera Operators And Editors",operator,0.119665272,0.880334728,1195,1052,143
MED-Chiropractors,chiropractor,0.190860215,0.809139785,372,301,71
MED-Dentists,dentist,0.0585838,0.9414162,1963,1848,115
MED-Dietitians And Nutritionists,dietitian,0.955789474,0.044210526,950,42,908
MED-Optometrists,optometrist,0.03125,0.96875,416,403,13
MED-Pharmacists,pharmacist,0.432272599,0.567727401,3551,2016,1535
MED-Physician Assistants,compounder,0.509393064,0.490606936,1384,679,705
MED-Podiatrists,podiatrist,0,1,57,57,0
MED-Occupational Therapists,therapist,0.826153846,0.173846154,650,113,537
MED-Physical Therapists,therapist,0.463704355,0.536295645,2273,1219,1054
MED-Radiation Therapists,therapist,0.753164557,0.246835443,158,39,119
MED-Recreational Therapists,therapist,0.669473684,0.330526316,475,157,318
MED-Respiratory Therapists,therapist,0.666897028,0.333102972,1447,482,965
MED-Speech-Language Pathologists,therapist,0.903882877,0.096117123,1571,151,1420
MED-Other Therapists,therapist,0.64825205,0.35174795,2317,815,1502
MED-Veterinarians,veterinarian,0.501824818,0.498175182,548,273,275
MED-Registered Nurses,nurse,0.87796159,0.12203841,26295,3209,23086
MED-Nurse Anesthetists,nurse,0.14893617,0.85106383,329,280,49
MED-Audiologists,audiologist,0.598591549,0.401408451,142,57,85
"MED-Nurse Practitioners, And Nurse Midwives",nurse,0.816479401,0.183520599,1335,245,1090
MED-Physicians,physician,0.253526355,0.746473645,8082,6033,2049
MED-Surgeons,surgeon,0.088729017,0.911270983,417,380,37
MED-Acupuncturists,acupuncturist,1,0,54,0,54
MED-Dental Hygienists,compounder,0.964178105,0.035821895,2987,107,2880
MED-Clinical Laboratory Technologists And Technicians,technician,0.637301366,0.362698634,3587,1301,2286
MED-Cardiovascular Technologists And Technicians,technician,0.429319372,0.570680628,382,218,164
MED-Diagnostic Medical Sonographers,sonographer,0.693779904,0.306220096,836,256,580
MED-Radiologic Technologists And Technicians,technician,0.73119469,0.26880531,1808,486,1322
MED-Magnetic Resonance Imaging Technologists,technician,0.561111111,0.438888889,360,158,202
MED-Nuclear Medicine Technologists And Medical Dosimetrists,technician,0.21,0.79,100,79,21
MED-Emergency Medical Technicians,technician,0.519052523,0.480947477,971,467,504
MED-Paramedics,paramedics,0.130097087,0.869902913,515,448,67
MED-Pharmacy Technicians,pharmacist,0.787142857,0.212857143,4900,1043,3857
MED-Psychiatric Technicians,technician,0.622706422,0.377293578,872,329,543
MED-Surgical Technologists,technician,0.665198238,0.334801762,1135,380,755
MED-Veterinary Technologists And Technicians,veterinarian,0.900190114,0.099809886,1052,105,947
MED-Dietetic Technicians And Ophthalmic Medical Technicians,nutritionist,0.858433735,0.141566265,332,47,285
MED-Licensed Practical And Licensed Vocational Nurses,nurse,0.862200436,0.137799564,3672,506,3166
"MED-Opticians, Dispensing",optician,0.85316847,0.14683153,647,95,552
MED-Miscellaneous Health Technologists And Technicians,technician,0.736877982,0.263122018,1467,386,1081
HLS-Home Health Aides,assistant,0.890829694,0.109170306,2061,225,1836
HLS-Personal Care Aides,assistant,0.758714286,0.241285714,7000,1689,5311
HLS-Nursing Assistants,assistant,0.866100964,0.133899036,13906,1862,12044
HLS-Orderlies And Psychiatric Aides,assistant,0.173553719,0.826446281,484,400,84
HLS-Occupational Therapy Assistants And Aides,assistant,1,0,318,0,318
HLS-Physical Therapist Assistants And Aides,assistant,0.725446429,0.274553571,1344,369,975
HLS-Massage Therapists,assistant,0.845303867,0.154696133,3439,532,2907
HLS-Dental Assistants,assistant,0.974895397,0.025104603,4780,120,4660
HLS-Medical Assistants,assisstant,0.878608924,0.121391076,7620,925,6695
HLS-Medical Transcriptionists,transcriptionist,0.951175407,0.048824593,553,27,526
HLS-Pharmacy Aides,pharmacist,0.695652174,0.304347826,161,49,112
HLS-Veterinary Assistants And Laboratory Animal Caretakers,veterinarian,0.851428571,0.148571429,175,26,149
HLS-Phlebotomists,phlebotomist,0.779816514,0.220183486,2071,456,1615
PRT-Firefighters,firefighter,0.134033105,0.865966895,2477,2145,332
PRT-Fire Inspectors,firefighter,0.200873362,0.799126638,229,183,46
PRT-Bailiffs,bailiff,0.015267176,0.984732824,262,258,4
PRT-Correctional Officers And Jailers,police,0.186623012,0.813376988,2138,1739,399
PRT-Detectives And Criminal Investigators,detective,0.270765912,0.729234088,927,676,251
PRT-Police Officers,police,0.124036095,0.875963905,6095,5339,756
PRT-Private Detectives And Investigators,detective,0.343225806,0.656774194,775,509,266
PRT-Security Guards And Gambling Surveillance Officers,guard,0.254083205,0.745916795,6490,4841,1649
PRT-Crossing Guards And Flaggers,guard,0.614678899,0.385321101,1853,714,1139
EAT-Chefs And Head Cooks,chef,0.33656545,0.66343455,3919,2600,1319
EAT-Cooks,cook,0.432528736,0.567471264,26100,14811,11289
EAT-Bartenders,bartender,0.530463038,0.469536962,2462,1156,1306
EAT-Waiters And Waitresses,waitstaff,0.656177652,0.343822348,21165,7277,13888
EAT-Dining Room And Cafeteria Attendants And Bartender Helpers,attendant,0.45997807,0.54002193,3648,1970,1678
EAT-Dishwashers,dishwasher,0.230174564,0.769825436,4010,3087,923
"EAT-Hosts And Hostesses, Restaurant, Lounge, And Coffee Shop",attendant,0.840496106,0.159503894,3467,553,2914
CLN-Maids And Housekeeping Cleaners,housekeeper,0.900471416,0.099528584,15061,1499,13562
CLN-Janitors And Building Cleaners,janitor,0.39209517,0.60790483,33372,20287,13085
CLN-Tree Trimmers And Pruners,lumberjack,0.010430248,0.989569752,767,759,8
"PRS-Ushers, Lobby Attendants, And Ticket Takers",usher,0.624449339,0.375550661,908,341,567
"PRS-Morticians, Undertakers, And Funeral Arrangers",mortician,0.11328125,0.88671875,256,227,29
PRS-Barbers,barber,0.353932584,0.646067416,712,460,252
"PRS-Hairdressers, Hairstylists, And Cosmetologists",beautician,0.942272771,0.057727229,10463,604,9859
PRS-Manicurists and Pedicurists,manicurist,0.863488183,0.136511817,2454,335,2119
PRS-Skincare Specialists,facialist,0.929347826,0.070652174,920,65,855
"PRS-Baggage Porters, Bellhops, And Concierges",porter,0.077409163,0.922590837,633,584,49
PRS-Tour And Travel Guides,guide,0.387704918,0.612295082,1220,747,473
PRS-Childcare Workers,nanny,0.953707031,0.046292969,16698,773,15925
PRS-Exercise Trainers And Group Fitness Instructors,instructor,0.781526368,0.218473632,3053,667,2386
SAL-First-Line Supervisors Of Retail Sales Workers,sales,0.490170882,0.509829118,36575,18647,17928
SAL-First-Line Supervisors Of Non-Retail Sales Workers,sales,0.280529526,0.719470474,13446,9674,3772
SAL-Cashiers,cashier,0.707414324,0.292585676,39626,11594,28032
SAL-Counter And Rental Clerks,clerk,0.529142857,0.470857143,875,412,463
SAL-Parts Salespersons,salesperson,0.125154895,0.874845105,807,706,101
SAL-Retail Salespersons,salesperson,0.49794812,0.50205188,39476,19819,19657
SAL-Advertising Sales Agents,salesperson,0.365397462,0.634602538,1497,950,547
SAL-Insurance Sales Agents,salesperson,0.400341244,0.599658756,6447,3866,2581
"SAL-Securities, Commodities, And Financial Services Sales Agents",sales,0.277159309,0.722840691,2605,1883,722
SAL-Travel Agents,agent,0.637996219,0.362003781,1058,383,675
"SAL-Sales Representatives Of Services, Except Advertising, Insurance, Financial Services, And Travel",sales,0.2137031,0.7862969,10421,8194,2227
"SAL-Sales Representatives, Wholesale And Manufacturing",sales,0.227922971,0.772077029,14540,11226,3314
SAL-Real Estate Brokers And Sales Agents,broker,0.502251528,0.497748472,12436,6190,6246
SAL-Sales Engineers,sales,0.340983607,0.659016393,305,201,104
SAL-Telemarketers,telemarketers,0.584070796,0.415929204,2260,940,1320
"SAL-Door-To-Door Sales Workers, News And Street Vendors, And Related Workers",vendor,0.632694938,0.367305062,2924,1074,1850
"SAL-Sales And Related Workers, All Other",sales,0.407021393,0.592978607,3646,2162,1484
"OFF-Switchboard Operators, Including Answering Service",operator,0.666666667,0.333333333,417,139,278
OFF-Telephone Operators,operator,0.527253669,0.472746331,954,451,503
"OFF-Communications Equipment Operators, All Other",operator,0.383474576,0.616525424,472,291,181
OFF-Billing And Posting Clerks,clerk,0.864085042,0.135914958,6585,895,5690
"OFF-Bookkeeping, Accounting, And Auditing Clerks",clerk,0.82872652,0.17127348,14001,2398,11603
OFF-Payroll And Timekeeping Clerks,clerk,0.898989899,0.101010101,1485,150,1335
OFF-Procurement Clerks,clerk,0.341736695,0.658263305,357,235,122
OFF-Tellers,teller,0.8307393,0.1692607,5140,870,4270
OFF-Other Financial Clerks,teller,0.520030234,0.479969766,1323,635,688
"OFF-Court, Municipal, And License Clerks",clerk,0.762100927,0.237899073,971,231,740
"OFF-Credit Authorizers, Checkers, And Clerks",clerk,0.747415066,0.252584934,677,171,506
OFF-Customer Service Representatives,clerk,0.640415622,0.359584378,55820,20072,35748
"OFF-Eligibility Interviewers, Government Programs",clerk,0.765667575,0.234332425,1101,258,843
OFF-File Clerks,clerk,0.711984536,0.288015464,3104,894,2210
"OFF-Hotel, Motel, And Resort Desk Clerks",clerk,0.579205712,0.420794288,2241,943,1298
"OFF-Interviewers, Except Eligibility And Loan",clerk,0.665644172,0.334355828,2282,763,1519
"OFF-Library Assistants, Clerical",clerical,0.830331754,0.169668246,1055,179,876
OFF-Loan Interviewers And Clerks,clerical,0.778332501,0.221667499,2003,444,1559
OFF-New Accounts Clerks,clerical,0.858536585,0.141463415,205,29,176
"OFF-Human Resources Assistants, Except Payroll And Timekeeping",clerical,0.837243402,0.162756598,682,111,571
OFF-Receptionists And Information Clerks,clerical,0.840474715,0.159525285,20981,3347,17634
OFF-Reservation And Transportation Ticket Agents And Travel Clerks,clerical,0.755411255,0.244588745,3234,791,2443
OFF-Correspondence Clerks And Order Clerks,clerical,0.516301921,0.483698079,2239,1083,1156
OFF-Other Information And Records Clerks,clerical,0.733289212,0.266710788,1511,403,1108
"OFF-Dispatchers, Except Police, Fire, And Ambulance",dispatcher,0.563124432,0.436875568,2202,962,1240
OFF-Postal Service Mail Carriers,postie,0.397454031,0.602545969,2828,1704,1124
"OFF-Postal Service Mail Sorters, Processors, And Processing Machine Operators",operator,0.50737798,0.49262202,881,434,447
"OFF-Production, Planning, And Expediting Clerks",clerical,0.507163324,0.492836676,3839,1892,1947
"OFF-Shipping, Receiving, And Inventory Clerks",clerical,0.409897611,0.590102389,8790,5187,3603
"OFF-Weighers, Measurers, Checkers, And Samplers, Recordkeeping",clerical,0.467219917,0.532780083,1205,642,563
OFF-Executive Secretaries And Executive Administrative Assistants,secretary,0.935548173,0.064451827,3010,194,2816
OFF-Legal Secretaries And Administrative Assistants,secretary,0.987108656,0.012891344,1086,14,1072
OFF-Medical Secretaries And Administrative Assistants,secretary,0.963942308,0.036057692,1248,45,1203
"OFF-Secretaries And Administrative Assistants, Except Legal, Medical, And Executive",secretary,0.955729089,0.044270911,33679,1491,32188
OFF-Data Entry Keyers,clerical,0.787117552,0.212882448,6210,1322,4888
OFF-Word Processors And Typists,typesetter,0.868646865,0.131353135,3030,398,2632
OFF-Insurance Claims And Policy Processing Clerks,clerical,0.823762981,0.176237019,3274,577,2697
"OFF-Mail Clerks And Mail Machine Operators, Except Postal Service",clerical,0.395260664,0.604739336,1055,638,417
"OFF-Office Clerks, General",clerical,0.770873124,0.229126876,14660,3359,11301
"OFF-Office Machine Operators, Except Computer",operator,0.741682975,0.258317025,511,132,379
OFF-Proofreaders And Copy Markers,proofreader,0.098901099,0.901098901,91,82,9
OFF-Statistical Assistants,statistician,0.595041322,0.404958678,121,49,72
FFF-Agricultural Inspectors,inspector,0.219512195,0.780487805,41,32,9
FFF-Other Agricultural Workers,worker,0.245326387,0.754673613,6526,4925,1601
FFF-Fishing And Hunting Workers,worker,0.124087591,0.875912409,137,120,17
FFF-Forest And Conservation Workers,conservationist,0.189473684,0.810526316,95,77,18
FFF-Logging Workers,worker,0.125,0.875,32,28,4
CON-First-Line Supervisors Of Construction Trades And Extraction Workers,tradesperson,0.017614854,0.982385146,8402,8254,148
CON-Boilermakers,boilermaker,0,1,17,17,0
CON-Carpenters,carpenter,0.02152987,0.97847013,13609,13316,293
"CON-Carpet, Floor, And Tile Installers And Finishers",finisher,0.121651786,0.878348214,2688,2361,327
"CON-Cement Masons, Concrete Finishers, And Terrazzo Workers",mason,0.026422764,0.973577236,1476,1437,39
CON-Construction Laborers,laborer,0.038533304,0.961466696,23045,22157,888
CON-Construction Equipment Operators,operator,0.027712371,0.972287629,5521,5368,153
"CON-Drywall Installers, Ceiling Tile Installers, And Tapers",taper,0,1,1958,1958,0
CON-Electricians,electrician,0.012655782,0.987344218,10351,10220,131
CON-Glaziers,glazier,0,1,766,766,0
CON-Insulation Workers,worker,0,1,847,847,0
CON-Painters And Paperhangers,painter,0.104097268,0.895902732,6004,5379,625
CON-Pipelayers,pipelayer,0,1,751,751,0
"CON-Plumbers, Pipefitters, And Steamfitters",plumber,0.002542912,0.997457088,6292,6276,16
CON-Plasterers And Stucco Masons,plasterer,0,1,801,801,0
CON-Roofers,roofer,0.010412495,0.989587505,2497,2471,26
CON-Sheet Metal Workers,worker,0.020274689,0.979725311,1529,1498,31
CON-Structural Iron And Steel Workers,worker,0,1,1078,1078,0
CON-Solar Photovoltaic Installers,installer,0.111111111,0.888888889,315,280,35
"CON-Brickmasons, Blockmasons, Stonemasons, And Reinforcing Iron And Rebar Workers",mason,0.019618834,0.980381166,1784,1749,35
"CON-Helpers, Construction Trades",tradesperson,0.198198198,0.801801802,222,178,44
CON-Construction And Building Inspectors,inspector,0.094790777,0.905209223,1171,1060,111
CON-Elevator And Escalator Installers And Repairers,repairer,0,1,181,181,0
CON-Fence Erectors,installer,0,1,363,363,0
CON-Hazardous Materials Removal Workers,worker,0.038043478,0.961956522,368,354,14
CON-Highway Maintenance Workers,worker,0,1,1246,1246,0
CON-Rail-Track Laying And Maintenance Equipment Operators,operator,0,1,81,81,0
CON-Other Construction And Related Workers,worker,0,1,510,510,0
EXT-Surface Mining Machine Operators And Earth Drillers,operator,0,1,512,512,0
"EXT-Explosives Workers, Ordnance Handling Experts, And Blasters",blaster,0.042124542,0.957875458,546,523,23
EXT-Underground Mining Machine Operators,operator,0.043874172,0.956125828,1208,1155,53
EXT-Other Extraction Workers,worker,0.012345679,0.987654321,1377,1360,17
"EXT-Derrick, Rotary Drill, And Service Unit Operators, And Roustabouts, Oil, Gas, And Mining",operator,0.021924482,0.978075518,821,803,18
"RPR-First-Line Supervisors Of Mechanics, Installers, And Repairers",repairer,0.077922078,0.922077922,2849,2627,222
"RPR-Computer, Automated Teller, And Office Machine Repairers",repairer,0.156174916,0.843825084,2081,1756,325
RPR-Radio And Telecommunications Equipment Installers And Repairers,repairer,0.037988229,0.962011771,1869,1798,71
RPR-Avionics Technicians,technician,0.38150289,0.61849711,173,107,66
"RPR-Electric Motor, Power Tool, And Related Repairers",repairer,0,1,205,205,0
RPR-Audiovisual Equipment Installers And Repairers,repairer,0.085106383,0.914893617,282,258,24
RPR-Security And Fire Alarm Systems Installers,installer,0.028135991,0.971864009,853,829,24
"RPR-Other Electrical And Electronic Equipment Mechanics, Installers, and Repairers",mechanic,0.048469388,0.951530612,392,373,19
RPR-Aircraft Mechanics And Service Technicians,mechanic,0.051060487,0.948939513,2546,2416,130
RPR-Automotive Body And Related Repairers,mechanic,0.012953368,0.987046632,1158,1143,15
RPR-Automotive Glass Installers And Repairers,mechanic,0.075609756,0.924390244,410,379,31
RPR-Automotive Service Technicians And Mechanics,mechanic,0.020167895,0.979832105,9768,9571,197
RPR-Bus And Truck Mechanics And Diesel Engine Specialists,mechanic,0.073061761,0.926938239,3805,3527,278
RPR-Heavy Vehicle And Mobile Equipment Service Technicians And Mechanics,mechanic,0.025939475,0.974060525,3007,2929,78
RPR-Small Engine Mechanics,mechanic,0,1,372,372,0
"RPR-Miscellaneous Vehicle And Mobile Equipment Mechanics, Installers, And Repairers",mechanic,0.071595331,0.928404669,1285,1193,92
RPR-Control And Valve Installers And Repairers,mechanic,0.062906725,0.937093275,461,432,29
"RPR-Heating, Air Conditioning, And Refrigeration Mechanics And Installers",mechanic,0.010658456,0.989341544,4222,4177,45
RPR-Home Appliance Repairers,repairer,0.156756757,0.843243243,555,468,87
"RPR-Maintenance Workers, Machinery",mechanic,0.188679245,0.811320755,318,258,60
RPR-Millwrights,millwright,0,1,267,267,0
RPR-Industrial And Refractory Machinery Mechanics,mechanic,0.01283725,0.98716275,4596,4537,59
RPR-Electrical Power-Line Installers And Repairers,electrician,0,1,1109,1109,0
RPR-Telecommunications Line Installers And Repairers,electrician,0,1,988,988,0
RPR-Precision Instrument And Equipment Repairers,mechanic,0.098083427,0.901916573,887,800,87
"RPR-Maintenance And Repair Workers, General",mechanic,0.045822598,0.954177402,5434,5185,249
"RPR-Coin, Vending, And Amusement Machine Servicers And Repairers",mechanic,0.086448598,0.913551402,428,391,37
RPR-Locksmiths And Safe Repairers,smith,0.285714286,0.714285714,518,370,148
RPR-Riggers,rigger,0.04778157,0.95221843,293,279,14
"RPR-Helpers--Installation, Maintenance, And Repair Workers",repairer,0,1,102,102,0
"RPR-Other Installation, Maintenance, And Repair Workers",installer,0.017217631,0.982782369,2904,2854,50
PRD-First-Line Supervisors Of Production And Operating Workers,operator,0.226145136,0.773854864,9715,7518,2197
"PRD-Electrical, Electronics, And Electromechanical Assemblers",mechanic,0.367346939,0.632653061,1176,744,432
PRD-Engine And Other Machine Assemblers,assembler,0,1,33,33,0
PRD-Structural Metal Fabricators And Fitters,fabricator,0,1,465,465,0
PRD-Other Assemblers and Fabricators,operator,0.417028556,0.582971444,15198,8860,6338
PRD-Bakers,baker,0.748556582,0.251443418,3464,871,2593
"PRD-Butchers And Other Meat, Poultry, And Fish Processing Workers",butcher,0.248491303,0.751508697,2817,2117,700
"PRD-Food And Tobacco Roasting, Baking, And Drying Machine Operators And Tenders",operator,0.359223301,0.640776699,103,66,37
PRD-Food Batchmakers,operator,0.708546384,0.291453616,1369,399,970
PRD-Food Cooking Machine Operators And Tenders,operator,0.164383562,0.835616438,73,61,12
"PRD-Food Processing Workers, All Other",worker,0.310841984,0.689158016,1734,1195,539
"PRD-Forming Machine Setters, Operators, And Tenders, Metal And Plastic",setter,0.055710306,0.944289694,359,339,20
"PRD-Cutting, Punching, And Press Machine Setters, Operators, And Tenders, Metal And Plastic",setter,0.068592058,0.931407942,554,516,38
"PRD-Grinding, Lapping, Polishing, And Buffing Machine Tool Setters, Operators, And Tenders, Metal and Plastic",setter,0.472340426,0.527659574,235,124,111
"PRD-Other Machine Tool Setters, Operators, And Tenders, Metal And Plastic",setter,0,1,225,225,0
PRD-Machinists,machinist,0.040836854,0.959163146,4971,4768,203
"PRD-Metal Furnace Operators, Tenders, Pourers, And Casters",machinist,0.21875,0.78125,160,125,35
"PRD-Model Makers, Patternmakers, And Molding Machine Setters, Metal And Plastic",machinist,0,1,307,307,0
PRD-Tool And Die Makers,toolmaker,0,1,185,185,0
"PRD-Welding, Soldering, And Brazing Workers",welder,0.056189037,0.943810963,7279,6870,409
PRD-Other Metal Workers And Plastic Workers,worker,0.180197269,0.819802731,2636,2161,475
PRD-Prepress Technicians And Workers,technician,0.427419355,0.572580645,248,142,106
PRD-Printing Press Operators,operator,0.226151698,0.773848302,2149,1663,486
PRD-Print Binding And Finishing Workers,worker,0.79494382,0.20505618,356,73,283
PRD-Laundry And Dry-Cleaning Workers,worker,0.620642202,0.379357798,2180,827,1353
"PRD-Pressers, Textile, Garment, And Related Materials",presser,0.261580381,0.738419619,367,271,96
PRD-Sewing Machine Operators,operator,0.894761242,0.105238758,2157,227,1930
PRD-Shoe And Leather Workers,shoemaker,0.101910828,0.898089172,157,141,16
"PRD-Tailors, Dressmakers, And Sewers",tailor,0.744354839,0.255645161,1240,317,923
"PRD-Textile Machine Setters, Operators, And Tenders",setter,0.914110429,0.085889571,163,14,149
PRD-Upholsterers,upholsterer,0.09148265,0.90851735,317,288,29
"PRD-Other Textile, Apparel, And Furnishings Workers",worker,0.4765625,0.5234375,256,134,122
PRD-Cabinetmakers And Bench Carpenters,cabinetmaker,0.077464789,0.922535211,1278,1179,99
PRD-Furniture Finishers,finisher,0.278846154,0.721153846,208,150,58
"PRD-Sawing Machine Setters, Operators, And Tenders, Wood",setter,0.055319149,0.944680851,235,222,13
"PRD-Woodworking Machine Setters, Operators, And Tenders, Except Sawing",setter,0.114613181,0.885386819,349,309,40
PRD-Other Woodworkers,woodworker,0.078507079,0.921492921,777,716,61
"PRD-Power Plant Operators, Distributors, And Dispatchers",operator,0,1,711,711,0
PRD-Stationary Engineers And Boiler Operators,operator,0.008421053,0.991578947,950,942,8
PRD-Water And Wastewater Treatment Plant And System Operators,operator,0.102402023,0.897597977,791,710,81
PRD-Miscellaneous Plant And System Operators,operator,0.094027954,0.905972046,787,713,74
"PRD-Chemical Processing Machine Setters, Operators, And Tenders",setter,0.117647059,0.882352941,544,480,64
"PRD-Crushing, Grinding, Polishing, Mixing, And Blending Workers",worker,0.127183788,0.872816212,1431,1249,182
PRD-Cutting Workers,worker,0.383141762,0.616858238,1305,805,500
"PRD-Extruding, Forming, Pressing, And Compacting Machine Setters, Operators, And Tenders",setter,0.046332046,0.953667954,259,247,12
"PRD-Furnace, Kiln, Oven, Drier, And Kettle Operators And Tenders",operator,0.010928962,0.989071038,183,181,2
"PRD-Inspectors, Testers, Sorters, Samplers, And Weighers",inspector,0.387142985,0.612857015,11169,6845,4324
PRD-Jewelers And Precious Stone And Metal Workers,jeweler,0.675675676,0.324324324,666,216,450
PRD-Dental And Ophthalmic Laboratory Technicians And Medical Appliance Technicians,technician,0.444193912,0.555806088,887,493,394
PRD-Packaging And Filling Machine Operators And Tenders,technician,0.562029619,0.437970381,4119,1804,2315
PRD-Painting Workers,painter,0.122754491,0.877245509,2004,1758,246
PRD-Photographic Process Workers And Processing Machine Operators,operator,0.440625,0.559375,640,358,282
PRD-Computer Numerically Controlled Tool Operators And Programmers,toolmaker,0.297888386,0.702111614,1326,931,395
PRD-Adhesive Bonding Machine Operators And Tenders,operator,0.171717172,0.828282828,198,164,34
PRD-Etchers And Engravers,engraver,0.715447154,0.284552846,246,70,176
"PRD-Molders, Shapers, And Casters, Except Metal And Plastic",caster,0.216772152,0.783227848,632,495,137
"PRD-Paper Goods Machine Setters, Operators, And Tenders",setter,0.109195402,0.890804598,174,155,19
PRD-Helpers--Production Workers,worker,0.334894614,0.665105386,427,284,143
"PRD-Miscellaneous Production Workers, Including Equipment Operators and Tenders",operator,0.338953789,0.661046211,17377,11487,5890
TRN-Aircraft Pilots And Flight Engineers,pilot,0.069818988,0.930181012,2707,2518,189
TRN-Air Traffic Controllers And Airfield Operations Specialists,operator,0.067088608,0.932911392,790,737,53
TRN-Flight Attendants,attendant,0.735827664,0.264172336,1764,466,1298
"TRN-Ambulance Drivers And Attendants, Except Emergency Medical Technicians",driver,0.333333333,0.666666667,51,34,17
TRN-Driver/Sales Workers And Truck Drivers,driver,0.080568084,0.919431916,37248,34247,3001
"TRN-Bus Drivers, School",driver,0.512144344,0.487855656,2882,1406,1476
"TRN-Bus Drivers, Transit And Intercity",driver,0.301437556,0.698562444,2226,1555,671
TRN-Shuttle Drivers and Chauffeurs,driver,0.199792961,0.800207039,966,773,193
TRN-Taxi Drivers,driver,0.235438884,0.764561116,2438,1864,574
"TRN-Motor Vehicle Operators, All Other",operator,0.219683656,0.780316344,569,444,125
TRN-Locomotive Engineers And Operators,engineer,0.019061584,0.980938416,682,669,13
TRN-Railroad Conductors And Yardmasters,conductor,0,1,794,794,0
TRN-Other Rail Transportation Workers,worker,0.213414634,0.786585366,164,129,35
TRN-Ship And Boat Captains And Operators,operator,0.355263158,0.644736842,76,49,27
"TRN-Sailors And Marine Oilers, And Ship Engineers",sailor,0,1,41,41,0
TRN-Parking Attendants,attendant,0.147252747,0.852747253,455,388,67
TRN-Transportation Service Attendants,attendant,0.114189189,0.885810811,1480,1311,169
TRN-Transportation Inspectors,inspector,0.012820513,0.987179487,312,308,4
TRN-Passenger Attendants,attendant,0.496621622,0.503378378,296,149,147
TRN-Other Transportation Workers,worker,0.067039106,0.932960894,179,167,12
TRN-Crane And Tower Operators,operator,0,1,386,386,0
TRN-Industrial Truck And Tractor Operators,operator,0.067621321,0.932378679,6285,5860,425
TRN-Cleaners Of Vehicles And Equipment,laborer,0.259028414,0.740971586,5455,4042,1413
"TRN-Laborers And Freight, Stock, And Material Movers, Hand",laborer,0.206322376,0.793677624,27806,22069,5737
TRN-Machine Feeders And Offbearers,laborer,0.857142857,0.142857143,315,45,270
"TRN-Packers And Packagers, Hand",bagger,0.574270557,0.425729443,6032,2568,3464
TRN-Stockers And Order Fillers,stocker,0.39249503,0.60750497,20120,12223,7897
TRN-Pumping Station Operators,operator,0,1,520,520,0
TRN-Refuse And Recyclable Material Collectors,porter,0.114688129,0.885311871,497,440,57
"TRN-Conveyor, Dredge, And Hoist And Winch Operators",operator,0.064516129,0.935483871,279,261,18
TRN-Other Material Moving Workers,porter,0.142384106,0.857615894,906,777,129
MIL-Military Officer Special And Tactical Operations Leaders,soldier,0.126829268,0.873170732,205,179,26
MIL-First-Line Enlisted Military Supervisors,soldier,0.1,0.9,560,504,56
MIL-Military Enlisted Tactical Operations And Air/Weapons Specialists And Crew Members,technician,0.082882883,0.917117117,555,509,46
"MIL-Military, Rank Not Specified",soldier,0.119233499,0.880766501,1409,1241,168
